,tweet_id,cluster_id
3020,1436407412806852608,0
4841,1437262241410260992,0
1960,1437117111730589696,0
3334,1435365001154514944,0
3456,1436335869632339968,0
3225,1436279488023777280,0
3929,1436670125055299584,0
1464,1435345451675422720,0
2423,1436827975929024512,0
2062,1435941930207174656,0
2557,1436871704228339712,0
4430,1436029931465715712,0
4986,1435972753132195840,0
2012,1436369150335766528,0
4150,1437055364898467840,0
2719,1435501967485325312,0
422,1435622524579192832,0
93,1436732704142336000,0
3863,1444063368915132416,0
2243,1444049471004987392,0
3589,1436833570908147712,0
381,1435440598488600576,0
2052,1435344488919093248,0
1024,1437274381894443008,0
3335,1436899067758583808,0
2737,1436926225222668288,0
3052,1437091636568371200,0
3360,1435418654473138176,0
1850,1435437367251415040,0
230,1435796841879248896,0
3174,1435358535873966080,0
1119,1444277061342879744,0
4465,1436013744853770240,0
1330,1436594579457859584,0
1496,1435070397179912192,0
4641,1436362991516241920,0
2008,1437070118211698688,0
4653,1435120310869762048,0
114,1435305936453767168,0
4167,1436383990429229056,0
3363,1435647727979859968,0
2057,1444142248254480384,0
4483,1435791349618548736,0
2751,1435069918861529088,0
4441,1435378054562557952,0
4051,1435632733859028992,0
1682,1435657178690564096,0
946,1435346393200214016,0
990,1437194620006543360,0
781,1436337130389839872,0
4640,1435389832503734272,0
642,1435798890993930240,0
3029,1435336306662518784,0
2786,1436713859163869184,0
1252,1435398538188500992,0
918,1444060862575259648,0
1116,1436113899313680384,0
98,1436027842178035712,0
2139,1436092514449170432,0
1514,1436079158904463360,0
4508,1435298624909549568,0
2962,1436318582175117312,0
2900,1437087349544996864,0
4071,1435975893541851136,0
183,1436351786948911104,0
1025,1444160224445804544,0
1896,1436654725101936640,0
3892,1435436141826695168,0
4593,1436814048436293632,0
3432,1436144064248827904,0
2947,1437048331897905152,0
856,1435025866812280832,0
475,1435094372035485696,0
4688,1444283800071114752,0
703,1444091772590772224,0
1734,1444074491240488960,0
4187,1435033347554676736,0
2443,1435378872950870016,0
4689,1436862241459130368,0
3770,1435118866590355456,0
3074,1435295033658384384,0
187,1435547402837106688,0
4583,1437251927230881792,0
500,1435802192393408512,0
2213,1436525302398717952,0
814,1435949975855378432,0
3035,1435346053558153216,0
1673,1436465803780661248,0
2558,1436709236289982464,0
1102,1437281106240450560,0
4581,1435286041280253952,0
585,1435301693353336832,0
4234,1436071180532961280,0
145,1436698585169530880,0
2035,1437260654264659968,0
415,1435390264441556992,0
2957,1436850718208634880,0
2466,1436502313317937152,0
3960,1444063923054026752,0
1324,1435421809692839936,0
1869,1436044200655691776,0
4914,1436364127077900288,0
407,1435430555374522368,0
3550,1436321549620031488,0
2263,1437220672216895488,0
2913,1436809541363060736,0
54,1435745436606795776,0
2316,1437194665086889984,0
4724,1444449325979951104,0
4406,1435362912294559744,0
909,1444068970252877824,0
3393,1436671395031887872,0
1143,1437110714150313984,0
778,1435572594774847488,0
1309,1435615054490181632,0
1986,1435372180339138560,0
2566,1437157669618466816,0
2354,1435343645453037568,0
4312,1435267039699034112,0
3559,1437118620925038592,0
3613,1435803729513566208,0
753,1444432931540410368,0
852,1436080813641281536,0
4946,1435392398603997184,0
3687,1435161329929625600,0
3264,1435251894168006656,0
4114,1435921683832000512,0
1146,1435399594893090816,0
2830,1436123074697519104,0
966,1436484654362726400,0
1437,1437204331212812288,0
4620,1435345472546349056,0
4015,1435405275817709568,0
10,1435435477092425728,0
1754,1437089826831048704,0
1553,1435440096958984192,0
3416,1436879157988823040,0
2415,1435978907493228544,0
452,1437092637606023168,0
2765,1435116831660982272,0
4042,1435230926682923008,0
2750,1436033907951128576,0
515,1435392306761375744,0
2320,1444045734412697600,0
4953,1435807953408430080,0
4995,1436688481242255360,0
545,1436293587730378752,0
851,1437214026510094336,0
1842,1444079203838726144,0
1204,1435977966459232256,0
1849,1436745225540620288,0
4602,1436880971375255552,0
2455,1435026531626233856,0
3209,1435435333836058624,0
2767,1435235508226072576,0
3782,1435810515088035840,0
1582,1436304376994410496,0
2764,1444355564516134912,0
3593,1437152579851591680,0
737,1437028823728472064,0
704,1435995135964237824,0
40,1436474975297359872,0
1257,1435263584817360896,0
247,1436332554848768000,0
3501,1435455512376655872,0
1637,1435120152983572480,0
4348,1435497797843828736,0
1577,1435390189589962752,0
2628,1437046895340367872,0
2059,1437160790738542592,0
3457,1444383888223133696,0
2740,1436557440699543552,0
2550,1436449531982458880,0
444,1436497792344723456,0
4961,1436084214529724416,0
2689,1436150634865119232,0
2670,1435434545726304256,0
3819,1435074390274809856,0
2747,1435806480511475712,0
4990,1436433597259522048,0
58,1435119226780585984,0
3735,1436466801148403712,0
2385,1444438858012188672,0
4872,1435116923696652288,0
3591,1437147457520013312,0
2599,1436300761483390976,0
2610,1435059603713183744,0
831,1435304870219759616,0
1339,1435293610690420736,0
4699,1436847129633427456,0
3281,1435682523347030016,0
4293,1444404190739042304,0
3071,1435627872249688064,0
4069,1444058818221072384,0
1566,1436672395843153920,0
301,1435389143207526400,0
1868,1435937303768281088,0
4803,1436073828661202944,0
1261,1435087102060937216,0
2129,1435271027660054528,0
4280,1435118176283635712,0
1735,1437186864906072064,0
2603,1435675112758448128,0
1847,1436844607845896192,0
3406,1436691631080607744,0
1230,1444524152812101632,0
4169,1436087984206528512,0
3806,1436799848494292992,0
416,1436703155459436544,0
1818,1436092497504178176,0
4966,1435566388907843584,0
4847,1435937330704097280,0
1126,1436804608941248512,0
1660,1435021056956375040,0
2166,1437190710688636928,0
1460,1437244531947212800,0
2692,1436474162940350464,0
1368,1436468809192415232,0
2974,1435349837633970176,0
2009,1435436811904589824,0
4891,1435782800913936384,0
4885,1435437141438390272,0
4008,1435314603488124928,0
3990,1437119766213300224,0
2439,1444083331084214272,0
626,1435986715513171968,0
4219,1436119322611621888,0
4681,1436158866870394880,0
4957,1435640358776590336,0
2649,1435433628931137536,0
766,1435025518898843648,0
4451,1444473273954209792,0
1212,1437290223075987456,0
4851,1435025664231542784,0
2068,1435346516051378176,0
3436,1435553991413350400,0
3555,1435343719922819072,0
1113,1435755058197680128,0
4649,1435431983014977536,0
672,1436828841381609472,0
2578,1436778553622806528,0
3896,1435118791927771136,0
1026,1435672918260862976,0
3835,1435348893458386944,0
3421,1444093178353750016,0
4133,1435299846089498624,0
490,1435391694388744192,0
3558,1435391010788491264,0
2282,1435762788878757888,0
4778,1435447884086919168,0
1401,1435388481560252416,0
4383,1435029451688058880,0
1362,1435300452715966464,0
2014,1436735967810002944,0
2054,1435391651346882560,0
1289,1436928384249044992,0
4334,1435113659395624960,0
710,1435070629913538560,0
4983,1436422273808932864,0
3493,1437149012923142144,0
1452,1435622425576845312,0
611,1436755759224721408,0
522,1435378024703275008,0
1250,1444434651360153600,0
1914,1435343447033008128,0
2569,1435069850112647168,0
2544,1435031924863643648,0
4595,1436263507444604928,0
897,1435074431274082304,0
2176,1435345436928249856,0
1484,1444441504693510144,0
4566,1437187257325207552,0
124,1436410115188531200,0
4817,1436062565700886528,0
2089,1436016999449104384,0
917,1437065523238481920,0
2777,1435344060349304832,0
2495,1437110348797161472,0
179,1436868508021936128,0
1733,1435254402852524032,0
2640,1436149311268696064,0
910,1435071417440165888,0
3548,1435809621676019712,0
901,1435633420068081664,0
1165,1436021891320401920,0
1325,1444332183620132864,0
4865,1435210682450993152,0
2884,1436825533648670720,0
821,1444311515637723136,0
1695,1436496513883152384,0
4127,1435601957348155392,0
2573,1436025717561700352,0
3433,1435383381143998464,0
2746,1436050882676891648,0
3123,1436006063933886464,0
34,1435116086190608384,0
2722,1436105029824430080,0
4419,1435375720897949696,0
4250,1436077489072263168,0
2514,1435117326706294784,0
3665,1435727858446573568,0
3429,1436893969636593664,0
257,1435119176880988160,0
4707,1436745409037221888,0
393,1435117189552656384,0
2769,1435346616966332416,0
2317,1435926846785433600,0
4786,1436755833015226368,0
790,1435366098543824896,0
1198,1435781938871250944,0
1425,1436753181850181632,0
308,1436524777032794112,0
756,1444459434860847104,0
2881,1437071322480250880,0
3520,1436233685385322496,0
1621,1436811315696259072,0
1968,1444489572012986368,0
2322,1444346797388967936,0
4467,1437239712704512000,0
1729,1437095788383932416,0
921,1437276012648312832,0
2755,1435117647335759872,0
1238,1435074389746372608,0
1559,1435259714154139648,0
2742,1436734585568743424,0
1079,1435955912741687296,0
3204,1437112620889350144,0
3799,1437053978626428928,0
1562,1437200098769920000,0
4869,1435363524663029760,0
2416,1435441975726051328,0
1657,1436846581861568512,0
771,1435211049502973952,0
4423,1435324664692228096,0
3597,1436880197089890304,0
1872,1435071543277756416,0
3655,1444131890022260736,0
3190,1444272208973639680,0
1741,1436217295039303680,0
1900,1436354422754402304,0
4694,1436003141854633984,0
847,1435489373819219968,0
2368,1435752171904114688,0
117,1435430309445705728,0
1856,1435075336321048576,0
860,1437105839450607616,0
3273,1436741812404817920,0
4678,1435614024859885568,0
804,1437120523381661696,0
3605,1436151988006367232,0
3479,1436327147099074560,0
4919,1435910821067034624,0
1182,1435983652303814656,0
1798,1436006620048379904,0
4701,1444512387978117120,0
3141,1435569720175079424,0
4850,1435998393558568960,0
4952,1437121895573434368,0
3140,1435346953693507584,0
4945,1437158895173128192,0
2819,1435650094775275520,0
1060,1436787895025737728,0
1322,1435393551580504064,0
900,1436808555852615680,0
1531,1435210874353029120,0
659,1437088404815204352,0
4203,1435813142269935616,0
1001,1444063400645038080,0
1769,1435979386067558400,0
2961,1435346639414349824,0
808,1435294489409695744,0
828,1437081691085066240,0
2858,1444423116202074112,0
4049,1435119013110112256,0
4270,1436784185792942080,0
1982,1444336656123940864,0
2302,1436116101981745152,0
3760,1435300858653286400,0
4016,1437132930426540032,0
101,1436864560800149504,0
443,1435414794186760192,0
3039,1437174496587390976,0
304,1444201305078222848,0
268,1436435540908314624,0
3766,1437203225984348160,0
1764,1435074762057846784,0
494,1444381547105243136,0
1636,1435700175838892032,0
4048,1436039924327796736,0
3372,1435452086347608064,0
3267,1437191537113411584,0
4520,1444480697071247360,0
4993,1444272148357521408,0
2928,1436680498311467008,0
4246,1435398440259817472,0
902,1435300329235566592,0
3087,1436113003934593024,0
2821,1436688316674547712,0
4085,1435397644348792832,0
553,1435804012020916224,0
1341,1436765463858536448,0
2366,1436790499273281536,0
920,1436160338890838016,0
875,1435755696260358144,0
4381,1435346453812101120,0
213,1435428047470178304,0
634,1435344582586347520,0
2949,1436791812874719232,0
3256,1437136977988628480,0
3595,1437165440657149952,0
3882,1436898089353334784,0
3809,1435947018426503168,0
332,1435655900220600320,0
4664,1435793955061473280,0
2911,1444337706385948672,0
2770,1435116658113253376,0
84,1435389719853113344,0
4254,1435306990209798144,0
1551,1435429324392390656,0
4526,1435329377634594816,0
1934,1435407095592071168,0
143,1436827833356128256,0
4561,1435343887879573504,0
4432,1435165516327526400,0
1428,1437161936383262720,0
2389,1437053386520735744,0
1478,1436568116520263680,0
298,1435294074257518592,0
1281,1435437787629633536,0
3948,1435699766860685312,0
2179,1444308533940572160,0
1747,1435163405426515968,0
3397,1435820745112817664,0
907,1444131305390755840,0
3470,1444096092178681856,0
868,1436457450375454720,0
1683,1444452310697062400,0
3065,1436115329843929088,0
1430,1435028160735764480,0
337,1435028338729422848,0
2714,1435070435062919168,0
1510,1437255145482510336,0
2782,1435119338961481728,0
3464,1436329864458641408,0
2196,1435388754404036608,0
2588,1435432903308103680,0
1571,1436059360036274176,0
4024,1444251492324712448,0
32,1435388593594327040,0
1927,1435100851966824448,0
3452,1435716902656086016,0
3977,1435074775437750272,0
1713,1435028761846685696,0
4683,1435390540846182400,0
1589,1435209903157792768,0
4794,1444417313684471808,0
2148,1435256528966193152,0
809,1435075304834404352,0
4741,1435072022116278272,0
2133,1436049293891211264,0
4490,1435388702306574336,0
4027,1436767291761438720,0
1161,1435275618053070848,0
1524,1436049139452809216,0
3040,1436336657314295808,0
4578,1435415633177550848,0
1483,1437107924501942272,0
4337,1436068096448532480,0
1534,1435401737196744704,0
1112,1436508295884386304,0
2677,1437186631140847616,0
1236,1437002494014595072,0
4870,1436248462367117312,0
2369,1436247213940805632,0
1854,1435434287596281856,0
4118,1435026352344862720,0
3109,1435389026488438784,0
1385,1435433804722749440,0
508,1435656378857709568,0
3426,1435071975219736576,0
3861,1436501721237311488,0
3045,1444310398992322560,0
2667,1435413903333367808,0
4795,1435072477177253888,0
3427,1435346920130682880,0
2081,1435993086119792640,0
4372,1436885993857093632,0
3385,1435073803051220992,0
1665,1437292859019956224,0
628,1437115639395758080,0
1961,1436780437922254848,0
903,1436860387954249728,0
2715,1444352329415806976,0
1802,1436806022790893568,0
746,1436694252524908544,0
2149,1436840205974220800,0
1526,1435657037434736640,0
86,1437124057506455552,0
440,1436732748715028480,0
4227,1435591101310803968,0
2217,1436905004988764160,0
344,1437023502285086720,0
2074,1435283204571795456,0
1200,1435345625873326080,0
1067,1437182791456800768,0
1197,1435273631689584640,0
288,1436718045901242368,0
353,1435346369141673984,0
3230,1435433660258398208,0
1253,1437100543894302720,0
2220,1435344727818309632,0
1338,1444407225968119808,0
1945,1436332235460841472,0
2738,1444135704519450624,0
2053,1437135567725252608,0
115,1436190161939963904,0
4562,1435075257732378624,0
2085,1444088537129918464,0
2206,1435435399271362560,0
2633,1436363914808381440,0
339,1435763229784002560,0
4750,1444152092034207744,0
2784,1437061012281253888,0
4030,1435435363749830656,0
3889,1435322300333797376,0
1703,1444107239099408384,0
2411,1437192714286665728,0
3219,1436170276593676288,0
255,1444401390089089024,0
204,1436356510070751232,0
1326,1436050731732197376,0
3502,1436796763462045696,0
3689,1436134133584089088,0
608,1444253974232764416,0
2010,1435421389721423872,0
1730,1444348278502567936,0
4322,1436464154374807552,0
1788,1437069428919873536,0
1985,1435435118915641344,0
547,1435172281760694272,0
1124,1435433453051383808,0
1132,1435375568506302464,0
518,1435392285278154752,0
1674,1435300373741330432,0
4029,1436068250715099136,0
4887,1435629857472397312,0
1714,1436685118249312256,0
417,1436379016810975232,0
4066,1435074250864537600,0
3582,1437224853568958464,0
721,1435433887488954368,0
36,1435607079230783488,0
3396,1435464127783256064,0
2454,1436390898607218688,0
2521,1435345029657251840,0
4036,1437193066025209856,0
4311,1436064047699529728,0
732,1436717711812345856,0
916,1444368343310512128,0
3261,1435042398808289280,0
3903,1435389648373694464,0
3171,1436876061149700096,0
922,1444381227516039168,0
1426,1437051879670886400,0
410,1435415704866631680,0
3404,1437058471468404736,0
4814,1436013441127432192,0
67,1436046944497983488,0
3262,1436693973083508736,0
3992,1436836914892525568,0
2116,1435433243843731456,0
586,1444452458030305280,0
2002,1435639016968310784,0
3600,1435210209505468416,0
4615,1437177538439225344,0
2702,1435645641334611968,0
4164,1435242436838690816,0
2414,1437158249736937472,0
3252,1437065496491405312,0
4214,1437185366285500416,0
2850,1435340937627115520,0
2000,1435961561282224128,0
3712,1435460590043021312,0
4418,1435394562982400000,0
914,1435433446462173184,0
3936,1437268531750572032,0
1075,1435579314330800128,0
366,1436087827880677376,0
2978,1444337225236467712,0
676,1436340698211573760,0
4756,1437227455098589184,0
4843,1435209450714017792,0
2185,1436069815106539520,0
678,1435300895659593728,0
3666,1435115214068981760,0
874,1435073802757672960,0
3246,1435657383448129536,0
177,1435586398103420928,0
1482,1435391985209184256,0
2205,1435437146458963968,0
3175,1435073939848450048,0
3279,1435390256317177856,0
1731,1435434381166977024,0
470,1437244031571046400,0
1661,1435392047440072704,0
4514,1435757853109886976,0
1966,1437141861358088192,0
2286,1435388879293591552,0
2398,1435760395365584896,0
4577,1436904025320996864,0
3147,1436650622724493312,0
1378,1435389087284973568,0
2817,1435933682934718464,0
4654,1444433712544894976,0
4174,1435246817919262720,0
2921,1435113596946690048,0
4309,1444404709847093248,0
2131,1435743074781745152,0
3280,1435801880513458176,0
4437,1435299575330451456,0
1013,1436493003351330816,0
379,1436455473872609280,0
4134,1437176484003827712,0
4210,1435718794610106368,0
1832,1435041533074497536,0
3627,1436084180648185856,0
3991,1435979091321180160,0
3358,1436007102053593088,0
936,1436118749913010176,0
2210,1435372899553132544,0
1467,1435710443784478720,0
4339,1444133601893916672,0
2198,1435112518075260928,0
4476,1436104372178595840,0
1984,1435331210444685312,0
4146,1436772317300940800,0
3216,1437088686244569088,0
267,1435602601660321792,0
4554,1435776689888534528,0
2515,1437152091655610368,0
4826,1437108670689595392,0
105,1435165149560774656,0
3122,1435016387005755392,0
1096,1435393038533156864,0
136,1435590906279862272,0
1023,1435685126504124416,0
3795,1436868698736844800,0
3761,1437034014586585088,0
2624,1435774718200668160,0
200,1435073611077988352,0
4474,1435768011013623808,0
4639,1435300952224026624,0
1635,1435435986553552896,0
261,1436335001184919552,0
3088,1436527274333986816,0
1501,1437069754800427008,0
1142,1435626089167130624,0
575,1435162629761273856,0
458,1436408648624971776,0
4878,1444330177568415744,0
4564,1444461107649957888,0
154,1435435231281094656,0
92,1436477689691529216,0
3469,1436073756183650304,0
2789,1435070495188307968,0
4815,1435415436649185280,0
2890,1435776519822102528,0
3583,1436800843869786112,0
4951,1435027232653824000,0
1630,1435576765661986816,0
1796,1435988551376777216,0
4450,1435995188233658368,0
730,1437125183207313408,0
46,1435433622593544192,0
4548,1435418315317551104,0
4165,1437146229192941568,0
3617,1436701014762139648,0
3610,1435437599452237824,0
2077,1444433742244818944,0
3178,1444193190144266240,0
1258,1435570108814987264,0
184,1435935964099194880,0
4845,1435722717530148864,0
4880,1437149814542815232,0
1450,1435385904789655552,0
542,1436806362172989440,0
3765,1435024917502824448,0
727,1436150536559075328,0
3301,1444314636963229696,0
1998,1444493493112557568,0
935,1435345806970720256,0
1129,1435026888334979072,0
3717,1435959027096334336,0
4931,1435270437412425728,0
4317,1435986150875930624,0
446,1436834848161902592,0
2130,1436083891484471296,0
3956,1435061304658735104,0
4140,1437249398409474048,0
3698,1436156387000729600,0
1148,1436429686117179392,0
229,1436302637981474816,0
3522,1436035891290574848,0
3934,1436361768826294272,0
2508,1436035486661988352,0
4876,1435027032195444736,0
838,1437155092302553088,0
78,1435609277746618368,0
2114,1436330181283700736,0
1631,1435391020389240832,0
2445,1435385053337559040,0
2433,1435437014279725056,0
4883,1435070660598980608,0
2511,1435269062729338880,0
582,1437114914515128320,0
2168,1435392057678368768,0
3928,1436154495931670528,0
3049,1436945819043762176,0
3513,1435673804894838784,0
3619,1435251287264841728,0
2099,1435590725035565056,0
980,1444308738886750208,0
2862,1435654437721317376,0
4900,1435434140653035520,0
3506,1436468490618249216,0
4780,1437173157325115392,0
1345,1444056592564039680,0
4226,1436145006537019392,0
4109,1435536548720791552,0
1650,1435897437080670208,0
4235,1435795615489867776,0
127,1437114297595875328,0
517,1437098849559007232,0
4637,1435833691943620608,0
1147,1435247191380140032,0
430,1436777972355280896,0
250,1444448442953216000,0
1671,1436114666388959232,0
4987,1444314334444797952,0
2674,1444051154845978624,0
1989,1435811646140735488,0
477,1437160912683782144,0
2395,1435583981664231424,0
23,1437217716352471040,0
3575,1436023175809277952,0
502,1436466989975969792,0
4808,1436578246976589824,0
1962,1435024791317135360,0
1506,1435693554479865856,0
4926,1435617346916397056,0
1815,1435786603180482560,0
3194,1436884167720116224,0
2120,1436317033491279872,0
4090,1435338535326846976,0
2491,1437190691206086656,0
571,1436452810430763008,0
1010,1435274960747040768,0
4743,1436675984095330304,0
1410,1435816197921062912,0
2067,1435771989281624064,0
2984,1435299556359655424,0
647,1435027039803691008,0
1498,1435994434882129920,0
2083,1444486398015311872,0
4855,1436408347331289088,0
4149,1436420616014471168,0
4478,1435119242244804608,0
3387,1437194615233339392,0
668,1437185363789889536,0
1181,1435807970705776640,0
3013,1437053565118337024,0
3260,1435354104273018880,0
1038,1435964732377161728,0
4276,1435028791982792704,0
2332,1435075247833853952,0
3718,1435437039588052992,0
1991,1435273914599366656,0
3659,1435627670365261824,0
532,1444428805003792384,0
1333,1435928245103300608,0
2489,1435207780261060608,0
1950,1436347703437537280,0
1583,1436535580272304128,0
4608,1444107720181825536,0
2536,1435118583370092544,0
3524,1435161403455950848,0
3805,1435961299725209600,0
597,1436814593406521344,0
738,1435119556331282432,0
89,1436003857981661184,0
1595,1437023199796019200,0
3324,1435345681280081920,0
3800,1436833678538203136,0
484,1435028643777073152,0
1639,1435800023648854016,0
1300,1435437761163669504,0
2377,1435442244618756096,0
4091,1435025215684288512,0
4158,1435945993758035968,0
1918,1435085056515641344,0
3880,1437173806045536256,0
2490,1435071900925923328,0
1087,1436531521305907200,0
1447,1436296623999627264,0
748,1435432948958851072,0
2104,1435299409206685696,0
342,1435072709256433664,0
2503,1444055558781341696,0
1913,1435596032914726912,0
4711,1437071892670713856,0
3250,1435072877641011200,0
4898,1437215143063134208,0
3027,1435434637971570688,0
314,1436401747010985984,0
1267,1435271106756235264,0
3390,1435028036026617856,0
4773,1436790587538214912,0
4922,1435985837196460032,0
123,1444268907875942400,0
2906,1435347108945596416,0
4668,1435027510069276672,0
4101,1437226409597018112,0
1743,1444308140929863680,0
3968,1435396954050203648,0
4484,1436779567881101312,0
2846,1435830050746740736,0
1480,1435807660201455616,0
1440,1435392084094210048,0
3160,1435345459996942336,0
2901,1435777676560715776,0
1946,1444065536812388352,0
763,1444312050835066880,0
661,1435563474734788608,0
807,1435976756062720000,0
3527,1435694972121100288,0
1372,1436783323737624576,0
361,1435344948166021120,0
2861,1435747405132075008,0
869,1435675587184578560,0
1616,1435024956107247616,0
3528,1435165880258813952,0
3317,1435654451822534656,0
4757,1436851459899985920,0
4932,1444152559120302080,0
3474,1436427034323001344,0
2145,1436666748019826688,0
928,1436113779859746816,0
445,1437032071084527616,0
2201,1435069941019971584,0
3779,1435790950975086592,0
3989,1435706259316125696,0
2073,1437151251616174080,0
3401,1435389122445811712,0
520,1435209194706198528,0
1074,1437042631419301888,0
2482,1436763122044375040,0
4567,1436109503632715776,0
1294,1435344072890273792,0
2061,1436074028389765120,0
161,1435299284547739648,0
3587,1435026398637346816,0
2018,1436685321803083776,0
4350,1436104164774342656,0
4357,1435832103636246528,0
4404,1435437558956060672,0
864,1435025065754644480,0
4772,1444044939147587584,0
4377,1435938599007100928,0
615,1435288398693085184,0
2339,1435211232479490048,0
2545,1436419140936417280,0
1210,1435732935840251904,0
4045,1444266508771807232,0
1554,1435117863296249856,0
560,1435813244153761792,0
4693,1444113657147781120,0
2006,1436164009003294720,0
4661,1435080770809442304,0
3814,1435781602701938688,0
2712,1435075276900274176,0
3211,1435388753946681344,0
565,1435772228512231424,0
4230,1435025143345160192,0
4910,1435788556388159488,0
4884,1437070306259111936,0
324,1444131616524283904,0
1715,1436059360405381120,0
1666,1435707216363991040,0
3369,1444116058927939584,0
2646,1436906169424039936,0
3244,1436810492387942400,0
3239,1435750901382328320,0
2382,1436070249300996096,0
3705,1436468291032293376,0
4019,1437219798606352384,0
893,1435112534202372096,0
3294,1435574396366819328,0
1000,1437060398537134080,0
1144,1444379417686462464,0
1974,1436051947665174528,0
2330,1437183962200350720,0
1597,1435783083433811968,0
1175,1435240212838461440,0
3328,1444440472303423488,0
2618,1435069932140699648,0
1366,1437126575485554688,0
4263,1435726632644485120,0
2440,1435951207898562560,0
4353,1444115480558534656,0
1064,1435026892822810624,0
4971,1436432302775672832,0
1071,1444394886908858368,0
1077,1436833196667285504,0
4854,1437151414321651712,0
2631,1435436474518867968,0
4495,1435120237079416832,0
3625,1436802475940630528,0
2507,1435187897502769152,0
4682,1435393135069343744,0
4935,1435026407445442560,0
2895,1435935010331181056,0
1489,1435308003117441024,0
153,1435982765816700928,0
4469,1444076159562551296,0
963,1436901714704191488,0
3497,1436752206817021952,0
3742,1436405588251009024,0
3539,1444373468993163264,0
1529,1435027997392834560,0
2754,1444451075994570752,0
566,1435029991578902528,0
1349,1435074739060424704,0
1701,1435113816329756672,0
1646,1435433798586544128,0
411,1435071245800804352,0
2697,1436850808361037824,0
4391,1444085949600763904,0
2756,1435340217582489600,0
1183,1435390889367584768,0
653,1435580757116850176,0
1556,1436918134880055296,0
3514,1436879978977767424,0
2030,1436425543541534720,0
1177,1435973105332236288,0
3616,1435435640053772288,0
4538,1435431105528803328,0
2298,1435072375956123648,0
3117,1435434749343014912,0
2798,1435344744507449344,0
2669,1436109329300664320,0
2758,1435119097197510656,0
1412,1436711844949987328,0
1827,1437219906777460736,0
1548,1435705327345930240,0
140,1435385963258200064,0
120,1435972826217975808,0
3355,1436158098100690944,0
2092,1435027918552436736,0
1883,1435070030463574016,0
2111,1435391774743310336,0
4999,1437256230867816448,0
3069,1436330844835172352,0
3751,1435609625794129920,0
3394,1436273696776364032,0
3637,1436103149685719040,0
2301,1435071992558985216,0
2251,1435388827800047616,0
4355,1436486800290287616,0
2936,1435667256965541888,0
4193,1444066736995774464,0
2553,1437136814024835072,0
3337,1435773093524426752,0
2011,1436083323793719296,0
109,1444445441190469632,0
4244,1435389339035394048,0
1552,1436336102810476544,0
1784,1435114504287830016,0
3418,1435638570857992192,0
413,1435999382919434240,0
1775,1435298592055603200,0
2017,1436128925537685504,0
4032,1436545145143537664,0
4769,1435300104232181760,0
535,1435347070924304384,0
2724,1435435371563823104,0
583,1435210798197092352,0
4456,1435671960776806400,0
719,1435346468634775552,0
2125,1435029915188006912,0
1185,1436012438193905664,0
4798,1435391968151015424,0
722,1435721733525458944,0
320,1435270932780695552,0
2993,1435346951248261120,0
1677,1437071434690433024,0
1451,1435392183817973760,0
3964,1436333755824852992,0
3245,1437213065670447104,0
2972,1435300145550135296,0
854,1435400764646645760,0
3036,1435298640780746752,0
1080,1435390952718405632,0
3058,1436823036611661824,0
537,1435071070374187008,0
4978,1435026976163733504,0
3739,1437073303282278400,0
1145,1435072265327194112,0
224,1444431155747557376,0
1935,1437184757763383296,0
740,1437168907035553792,0
4298,1435071317414453248,0
1515,1436752925620154368,0
3815,1435390835198242816,0
4728,1435709618592825344,0
4253,1437098447006576640,0
367,1444270166058024960,0
4431,1435074493941227520,0
4001,1436328665235836928,0
1017,1435401334329647104,0
4332,1436825221433069568,0
2150,1435343328342679552,0
879,1436059735082557440,0
4584,1435701572814753792,0
4771,1435437512600788992,0
2024,1435257664418820096,0
1899,1435072037408681984,0
2711,1435072093402587136,0
239,1435392311014432768,0
1942,1436436591292080128,0
3329,1436516021108609024,0
1938,1435391152836972544,0
403,1436696405775732736,0
776,1435393166274928640,0
3812,1435163167970136064,0
3606,1436307258187657216,0
1272,1435344351694032896,0
486,1444094334123511808,0
3444,1435158946797416448,0
91,1435390604826001408,0
99,1436271597430714368,0
4545,1435299666049093632,0
4528,1435407796858671104,0
743,1436148661885493248,0
1712,1435070830694866944,0
812,1436452883751448576,0
4770,1435073726907928576,0
3018,1435353182058659840,0
4616,1435392415272144896,0
122,1436014693030768640,0
478,1435118576030011392,0
1860,1437084142299136000,0
3829,1435159900322213888,0
3827,1435433437817679872,0
90,1436694620562411520,0
1859,1437123163196903424,0
3741,1435394642443440128,0
317,1435344564672421888,0
1967,1435029918396649472,0
3938,1435029697717358592,0
194,1436269243293749248,0
613,1436907788152754176,0
3762,1435390674950524928,0
984,1435074897814900736,0
3693,1435345115468414976,0
2918,1435665229174685696,0
3881,1444122947338260480,0
3379,1435210003024162816,0
1999,1436038297357271040,0
1438,1436390276105392128,0
657,1437180118959599616,0
2390,1436228634306650112,0
970,1435675167632539648,0
4137,1436065762356125696,0
3304,1435299206885953536,0
3888,1435425584918798336,0
4549,1435644275484618752,0
1675,1435389112287125504,0
4382,1435392047649890304,0
4373,1435433195663659008,0
3001,1436727066460835840,0
4028,1435301352134123520,0
1487,1436876487047749632,0
760,1435390066130661376,0
835,1436036915413794816,0
2583,1435417260022288384,0
2280,1436808090951749632,0
1898,1435120406080344064,0
2102,1435518126779740160,0
1427,1435160520407982080,0
1034,1435744377767354368,0
3237,1436783544714543104,0
3288,1436842292262973440,0
2214,1435346341404844032,0
4524,1436315819571621888,0
969,1435073180775981056,0
3965,1435256502424674304,0
825,1435074079086809088,0
1572,1437161403266252800,0
2335,1435840317509472256,0
2207,1435389223843078144,0
497,1435346775716548608,0
4569,1435210693263990784,0
256,1436778937577877504,0
4805,1435208303051673600,0
3753,1435300357282861056,0
4155,1435391750659616768,0
1697,1437114557303074816,0
2551,1436293001832243200,0
3646,1435765610819067904,0
316,1435352469274509312,0
3551,1436108654743367680,0
2025,1437143426517151744,0
1782,1436018710280552448,0
1019,1444381507863392256,0
71,1435250930354728960,0
3472,1435357084854390784,0
3362,1435678887510482944,0
2835,1435636423395266560,0
472,1444377042057928704,0
2843,1435028254230974464,0
4636,1435435921495805952,0
4196,1435075317522120704,0
3561,1435029406544695296,0
649,1435433975519092736,0
2193,1435315255853428736,0
4867,1435353626369724416,0
3921,1437154421176250368,0
3726,1435734638866178048,0
4892,1435345283303542784,0
2087,1436331279881015296,0
3129,1435048999569010688,0
4335,1435968962609573888,0
4586,1436329698884300800,0
3047,1435391805084864512,0
3143,1437131276813799424,0
2760,1444430323434074112,0
2364,1436482700785995776,0
3601,1436492008919601152,0
4873,1436956610748878848,0
960,1437119423089938432,0
1374,1436666079082856448,0
768,1435298814248771584,0
2434,1435112702494613504,0
235,1435028439963156480,0
3031,1435256398544257024,0
1011,1444395326383738880,0
1717,1437217403553910784,0
3734,1437117134157623296,0
210,1444473214504247296,0
3120,1435029729845862400,0
3034,1435437432615342080,0
4103,1435074128839692288,0
4622,1444334119232679936,0
4176,1436084569288105984,0
4098,1436356346320932864,0
4206,1435389365199515648,0
3652,1435401002765664256,0
1632,1436119491381915648,0
849,1435291880732827648,0
1809,1435073602081132544,0
128,1436060560152535040,0
3722,1436414317524623360,0
1190,1435821017574821888,0
365,1437196991516356608,0
2492,1435432319179968512,0
4291,1435425745824886784,0
3043,1444382375820111872,0
3771,1435343529455329280,0
465,1435740877733961728,0
4294,1435781670884495360,0
3794,1435029212927303680,0
4399,1436868181897920512,0
1745,1444341012701327360,0
4768,1436557842023174144,0
772,1437196984184672256,0
1398,1435701517202468864,0
4424,1436361435530108928,0
2859,1435999107508805632,0
4777,1435071318022524928,0
1422,1435726679339642880,0
106,1436676730056425472,0
3084,1435942731176677376,0
2424,1435115838260928512,0
4142,1437122818450329600,0
1364,1435163899104415744,0
2216,1444381541447110656,0
3498,1436940371217551360,0
2183,1437113107130683392,0
3679,1436771881252753408,0
3683,1435346989722574848,0
2188,1435298713568694272,0
2388,1436117582013206528,0
2828,1435001460203339776,0
1906,1435664248328409088,0
2811,1435209988377563136,0
4199,1435028649900654592,0
540,1437093646046793728,0
830,1436845816925282304,0
2450,1435300664092024832,0
3114,1435209972162314240,0
4452,1435680982657548288,0
232,1444327648050749440,0
370,1435585931378036736,0
2209,1444332485668659200,0
4305,1435195450655715328,0
3678,1437151214068805632,0
2258,1436138075139280896,0
2963,1435248435205218304,0
4272,1435256488205893632,0
3350,1435068646200643584,0
4760,1435159746856865792,0
2253,1437196324190003200,0
2391,1436804260495298560,0
629,1436167751580651520,0
325,1436900446019506176,0
834,1435800608582209536,0
2792,1436813340676820992,0
1225,1436775219692249088,0
3910,1437144739078447104,0
3730,1436096214303391744,0
2601,1435692329504059392,0
4829,1435118885871788032,0
4376,1435984193649999872,0
2106,1436476215058210816,0
169,1436007760051818496,0
3251,1435723068266225664,0
4405,1436438511859773440,0
872,1436412450870530048,0
2306,1437095935457349632,0
2197,1435640734925918208,0
3100,1436492418086580224,0
113,1435973178627555328,0
3699,1435389022667485184,0
4662,1435070803398336512,0
2469,1435436998555144192,0
1696,1435115606412496896,0
2537,1435435925706723328,0
1711,1435388760234106880,0
2943,1444082519503216640,0
2964,1436718335283154944,0
3345,1435095722291044352,0
2720,1435025421050032128,0
2995,1435389081526099968,0
2325,1437195741504708608,0
744,1437114396510199808,0
1139,1436497143167082496,0
1672,1435549434604134400,0
245,1435392039856734208,0
4120,1436702839036944384,0
2741,1444489605882028032,0
4660,1435027540889030656,0
639,1435443460107030528,0
18,1435070564272689152,0
3758,1435300617636007936,0
4719,1435723476401283072,0
759,1435163910936662016,0
172,1436403351026114560,0
4053,1436211366222876672,0
17,1435074449670279168,0
4446,1435435252110004224,0
1423,1436088852083625984,0
2698,1437174539377651712,0
7,1436111295636549632,0
1975,1437148783666769920,0
4868,1435083848799358976,0
3837,1444307190307819520,0
4435,1435201569784532992,0
3386,1435346678060621824,0
150,1435388504956182528,0
4690,1435654778059739136,0
4702,1436799959471382528,0
3480,1435027190488485888,0
2349,1436354651230703616,0
1544,1436085423227510784,0
1093,1436092720947269632,0
3651,1436528675164327936,0
4930,1444434898144612352,0
1040,1435115291378393088,0
4218,1435030016446943232,0
1439,1436554013726679040,0
3336,1435320219128549376,0
4605,1444339945267728384,0
4947,1435071779953840128,0
4972,1435210653766021120,0
1256,1437139720438493184,0
700,1435420533437382656,0
4918,1435608864611733504,0
837,1444419491610472448,0
4888,1436863113668726784,0
359,1444261156802211840,0
4828,1435345562413543424,0
3874,1436087513836408832,0
466,1435372110424199168,0
4005,1444093428476821504,0
694,1437174234925580288,0
1094,1444309790671450112,0
3053,1435437535929507840,0
2260,1435411399409291264,0
3224,1437239271912579072,0
723,1435474159191080960,0
4938,1436976013204934656,0
895,1436323819384410112,0
4154,1435388277859696640,0
1211,1435105436047450112,0
1594,1437229408092295168,0
4522,1435826019060129792,0
1130,1437059586675122176,0
4215,1435300586350682112,0
360,1444427624558772224,0
1976,1436346462636498944,0
4714,1435668705728516096,0
2005,1435210708665372672,0
4789,1436164334649024512,0
2876,1444068454806458368,0
1395,1435300935559962624,0
3640,1435344310904496128,0
202,1436095836287610880,0
2171,1435388520718286848,0
201,1435001559314833408,0
2112,1435614701820465152,0
4521,1435414323724234752,0
4177,1435553648608694272,0
388,1437198354707009536,0
3716,1436767519184986112,0
1137,1435437465628729344,0
62,1435346766375755776,0
3236,1435402799131631616,0
1018,1435026169137704960,0
2686,1435390696320495616,0
3339,1444054998334201856,0
4491,1435392145699971072,0
2169,1435346845841203200,0
4680,1435298468285779968,0
75,1437198679325257728,0
2976,1436242852837830656,0
2575,1435159579877380096,0
2026,1435345128625934336,0
4533,1435287542404829184,0
4060,1435437353942888448,0
3349,1437255685243346944,0
2378,1444289605566615552,0
3019,1437173588373671936,0
1443,1437228898832498688,0
3680,1435435486961672192,0
4369,1436118994625327104,0
4754,1435026372246786048,0
4949,1435579977244844032,0
3641,1435299045115777024,0
1172,1435436521075535872,0
863,1437035985104146432,0
2869,1435344948912693248,0
4737,1435905036803006464,0
1852,1435963757134376960,0
4857,1437075121613807616,0
4360,1436982741741019136,0
1973,1444286740555091968,0
1254,1436503209913339904,0
1022,1437106380050092032,0
2745,1437171322073886720,0
2625,1435391241848504320,0
4056,1436834080474243072,0
4429,1435107335639379968,0
2656,1435673801136742400,0
3125,1444050698581196800,0
312,1444048024292954112,0
186,1435412038935879680,0
1992,1444075097552216064,0
390,1435948380451135488,0
482,1444385936599666688,0
1840,1435400067574292480,0
126,1435437603386363904,0
4717,1435997956386217984,0
2374,1444280450168537088,0
3177,1435075068242141184,0
625,1436419303511924736,0
4304,1435550966636552192,0
3877,1435301011145609216,0
4704,1435027446361853952,0
469,1435075277856575488,0
387,1435119308573528064,0
3094,1435298603417935872,0
3310,1435346184655212544,0
3557,1435456181863059456,0
4716,1435689394929766400,0
2768,1435389673455734784,0
1192,1436279135693910016,0
3581,1435434131198971904,0
19,1436377869677219840,0
1964,1435985285171617792,0
4132,1435434467771011072,0
2965,1437121689473671168,0
135,1435433658521894912,0
2766,1435026578795282432,0
4669,1444267365538140160,0
3183,1444498834193719296,0
606,1436717070218059776,0
1086,1437122067317600256,0
1870,1436736014308024320,0
2075,1436467310357880832,0
3821,1435392692456919040,0
1920,1435159346443395072,0
947,1444192647866900480,0
2678,1437002991572242432,0
2642,1436073545663197184,0
4461,1435234572283826176,0
3846,1436708690715873280,0
2033,1435211224929685504,0
979,1436294671668588544,0
2803,1435026720181063680,0
1517,1435091835626659840,0
2663,1437266708465586176,0
1131,1435028352147103744,0
4438,1435951125270777856,0
1770,1435026637775687680,0
3249,1435029488254038016,0
1875,1435972520323190784,0
1088,1436871599613956096,0
1205,1435440981571260416,0
4420,1437075005699940352,0
1431,1435161204280860672,0
782,1435300621033279488,0
338,1435029721910218752,0
2730,1435299784173236224,0
4977,1437055975127752704,0
385,1435161810060128256,0
1607,1444335985995644928,0
241,1444073339547488256,0
2351,1435159266302758912,0
4159,1435027057461710848,0
2600,1435119525721165824,0
3376,1435075213012705280,0
2276,1435953011835109376,0
4018,1435160223644205056,0
190,1435432426147180544,0
270,1435256441795973120,0
175,1435028967271116800,0
663,1435687777069326336,0
4408,1435692787870097408,0
2889,1444079633876586496,0
4849,1435912716384882688,0
4222,1435973960957677568,0
574,1435424628189679616,0
805,1435116131266793472,0
4979,1437119679764570112,0
4928,1436169061075984384,0
2404,1444046366750171136,0
1642,1436796625364602880,0
4007,1435160289746448384,0
2696,1437086317909839872,0
1783,1435074429290176512,0
1303,1435676262811451392,0
757,1437123778455158784,0
726,1435044719520792576,0
616,1435119049483210752,0
2484,1435732365041618944,0
435,1435345340341919744,0
1939,1435432996866306048,0
1355,1435342342022737920,0
986,1435346648708825088,0
3072,1436885369493069824,0
4762,1435119436839620608,0
3291,1435029624417931264,0
3930,1435936076980424704,0
1047,1435211122638934016,0
1508,1435282646230241280,0
4182,1444046397616033792,0
817,1437098159138918400,0
4596,1436518614899871744,0
1557,1436798027394691072,0
52,1435114570633338880,0
4606,1435028818947891200,0
680,1435388558525730816,0
3585,1435118387005300736,0
315,1435161860374876160,0
3253,1436473134841016320,0
4057,1436081903057182720,0
2690,1435159872157282304,0
3724,1435028242973577216,0
1397,1435025829323493376,0
73,1437093994836680704,0
3946,1435343527882342400,0
3009,1435236144967467008,0
3078,1436985845106593792,0
3127,1436116844365107200,0
1293,1444316527528906752,0
4706,1437097569973325824,0
4587,1435161501245984768,0
3193,1435759136151642112,0
4188,1436819220331913216,0
3695,1435436944708620288,0
4790,1437058374558961664,0
3988,1436341761161445376,0
2735,1436096082761732096,0
699,1435409541534003200,0
3389,1435449069896441856,0
3185,1435158568194371584,0
3942,1436870627105906688,0
1767,1435163534460133376,0
3269,1436108132879642624,0
3259,1435024967821770752,0
2944,1436177598657306624,0
2135,1435662615011905536,0
1969,1436394732293222400,0
65,1435209944085647360,0
3847,1435071348116795392,0
31,1444342054017015808,0
1391,1435161334736465920,0
1290,1435029289695600640,0
4675,1435760212200366080,0
2785,1437189278178570240,0
234,1436818979457310720,0
2534,1435165723144380416,0
373,1435548741222633472,0
2852,1435164570184609792,0
4645,1435433327499124736,0
4168,1435347059163471872,0
3895,1435070421162860544,0
4623,1435026860459630592,0
3042,1436879883771187200,0
3277,1436803875097489408,0
4110,1435390193377370112,0
321,1435299327828705280,0
4216,1444441953014362112,0
952,1436111445389873152,0
1727,1436323871888654336,0
2163,1435210094845644800,0
4259,1435003488711299072,0
1874,1437011124176752640,0
4493,1444406839639101440,0
2793,1435343716298993664,0
4573,1435434991492730880,0
794,1435683516403027968,0
2660,1435299871343484928,0
2438,1435344819950428160,0
4488,1444181065745190912,0
584,1435437639939674112,0
1550,1435433262378360832,0
1924,1435343091767169024,0
397,1437051036238336000,0
3567,1436543109719072768,0
1919,1435292310724485120,0
2284,1436835426271117312,0
4119,1435433396818305024,0
3151,1444488921086267392,0
4308,1435165747831980032,0
275,1435211094373638144,0
2525,1435163764328894464,0
223,1437075341323952128,0
2759,1435073533307232256,0
4313,1435733937079427072,0
3596,1436803827693391872,0
4941,1436349836169814016,0
1092,1444327316784652288,0
376,1444444420401684480,0
3005,1444374121006129152,0
4834,1435344138975780864,0
3321,1436137607281451008,0
2359,1436377281467928576,0
3156,1436223626693468160,0
3604,1435160052655173632,0
3749,1435393233463427072,0
3872,1435028613003419648,0
904,1435793207565209600,0
4108,1435433417492123648,0
3576,1435208225159139328,0
1537,1435441079118086144,0
1720,1435251694942699520,0
1301,1444066378617606144,0
4296,1435120543628288000,0
447,1437145872354222080,0
3974,1435704894967668736,0
1249,1437073565346504704,0
2567,1436054837611872256,0
1620,1435346831257608192,0
429,1444094002941267968,0
503,1436795052093751296,0
2778,1436493012704628736,0
832,1444473847827374080,0
816,1435029532239597568,0
3796,1435392313493053440,0
4031,1444346227244638208,0
3483,1435770006734770176,0
2001,1435073467133546496,0
4550,1435026856068231168,0
2706,1435437605399764992,0
1618,1435155975514820608,0
2226,1435027128748216320,0
125,1435026433831747584,0
2934,1435027267994914816,0
954,1435746398717321216,0
3438,1436130402838753280,0
2278,1435762988728922112,0
2935,1435437541805551616,0
4470,1444083617001525248,0
419,1444452465093586944,0
906,1436708086551654400,0
1061,1435601241074241536,0
1413,1437280353933303808,0
4963,1436089579266838528,0
1399,1435344694196817920,0
459,1435345180681330688,0
1876,1435029731439751168,0
3203,1435699461255155712,0
2032,1435165196922851328,0
493,1435072148683431936,0
4131,1437248587050754048,0
104,1435301340109066240,0
689,1435025255601512448,0
3449,1435028237361586176,0
2126,1435388181428457472,0
1444,1435300317650989056,0
2845,1435850234236739584,0
1591,1437065192182063104,0
495,1435656145314713600,0
2657,1436033896404197376,0
4341,1435120504659234816,0
4047,1436162518049640448,0
1453,1436685164923527168,0
1688,1435985714592821248,0
1653,1435624467393400832,0
1076,1435948460054913024,0
2143,1436064219259092992,0
4040,1435114954026147840,0
100,1435163635039588352,0
870,1444048688624672768,0
2727,1437062685984759808,0
3736,1444270941718990848,0
800,1435210948814516224,0
4473,1435392358363828224,0
761,1436511776372400128,0
516,1435114486155911168,0
4412,1435072141070725120,0
1801,1435027755373109248,0
943,1435162799982874624,0
507,1435112670374600704,0
4374,1436150423619051520,0
4181,1435114178843455488,0
68,1435030031978409984,0
731,1435256385734942720,0
4988,1435619548884054016,0
4413,1435388319161008128,0
3801,1435027743008301056,0
878,1436179767863267328,0
1342,1435300280632029184,0
412,1435030043021959168,0
762,1436055995709632512,0
1545,1435028243351019520,0
1576,1435346499551080448,0
2321,1444127400955105280,0
4571,1435159610076405760,0
441,1435301347809796096,0
358,1435392104788791296,0
352,1436899992153649152,0
97,1435029269286170624,0
3922,1436793135825293312,0
3906,1437118342230327296,0
296,1435029821822685184,0
2399,1435158647710134272,0
1278,1435298408118489088,0
4315,1435300531426185216,0
3107,1435165304347369472,0
3332,1437031903958376448,0
4105,1435116916528631808,0
2232,1435029514942390272,0
3391,1435078712618332160,0
1746,1444113725112344576,0
3150,1436772783036502016,0
3290,1436774399613485056,0
4980,1435434877030182912,0
3745,1435160691594260480,0
927,1436102120852254720,0
4967,1435391609881903104,0
3639,1444142509882494976,0
3283,1444404126062833664,0
4796,1435346923855155200,0
2472,1436096085764759552,0
2997,1435345881604182016,0
4527,1436460016328916992,0
1287,1435300606063759360,0
2526,1437114623761784832,0
2518,1435029679535132672,0
701,1435388968774819840,0
3215,1436067388005421056,0
1722,1435434303551324160,0
395,1435343797764775936,0
3442,1437128885620019200,1
783,1444416908082782208,1
3967,1437076982462832640,1
3188,1435421091443449856,1
2822,1436109994039013376,1
4517,1435332450419462144,1
3984,1437148948477747200,1
3900,1444375029370740736,1
2966,1436134738499182592,1
1363,1437068125804040192,1
4151,1435372255278772224,1
3925,1435434565976399872,1
845,1444268077533876224,1
1058,1435263048915226624,1
1063,1444266253342937088,1
3287,1435574665339154432,1
3382,1435578715573035008,1
1206,1444425904223145984,1
3347,1437148745599160320,1
1350,1444414807109689344,1
3822,1444441012924043264,1
3164,1444402530792972288,1
1499,1436855191324741632,1
1057,1444421365407354880,1
182,1444358099041726464,1
4186,1435551511963213824,1
2086,1435321147038576640,1
1787,1435326956531326976,1
4363,1437070619888300032,1
1149,1444368826930503680,1
2022,1435681178254725120,1
45,1437118472392163328,1
3388,1444379244415655936,1
3081,1444400289604378624,1
2402,1435349908203220992,1
4494,1436177416326688768,1
2827,1435728903377666048,1
880,1436019485249572864,1
1778,1444405426792108032,1
4856,1435628957039222784,1
4614,1435295968321277952,1
2530,1437209032742342656,1
2101,1435648900711469056,1
4537,1436126034613706752,1
972,1435307777564499968,1
1497,1436436824902225920,1
2671,1435976561631580160,1
881,1435846912729571328,1
4633,1435400703611113472,1
4574,1444286505904656384,1
2442,1444261098081951744,1
1101,1436051950039093248,1
3628,1436383440971214848,1
3578,1435634248074022912,1
3011,1436441035899645952,1
1878,1435313921313869824,1
1965,1436458512717164544,1
485,1436161126543335424,1
2299,1435269645188182016,1
216,1436110972041695232,1
3860,1435675874221821952,1
3697,1436658110609956864,1
1834,1444102431974043648,1
3272,1436944083709317120,1
2504,1435243562506067968,1
2296,1435934593396494336,1
3621,1444267215440785408,1
3037,1444317472807587840,1
791,1444272500364488704,1
4920,1436320518718767104,1
3331,1435348151330873344,1
1940,1435448892393508864,1
2292,1436460776760516608,1
2456,1437219429415276544,1
2119,1435916743432626176,1
988,1437091215640514560,1
3850,1435450011463127040,1
1359,1436713200570019840,1
4659,1436353467279360000,1
2248,1436064596973002752,1
1952,1435252588149153792,1
1812,1435999417002348544,1
2465,1444288745134608384,1
1908,1436113949045497856,1
1235,1435199267921137664,1
214,1436065601089331200,1
1307,1435063760050393088,1
4800,1436452194027544576,1
1983,1436308443892178944,1
4877,1435396207032012800,1
4673,1444362372383219712,1
4965,1436365334626324480,1
2324,1436339132721139712,1
1030,1437120894183280640,1
2156,1435307238508441600,1
4553,1435128897566388224,1
882,1436117371480072192,1
4010,1435554400945254400,1
3303,1436384483415056384,1
2872,1437237374229127168,1
2878,1435242819724132352,1
3713,1436394335658971136,1
4320,1436034704625504256,1
942,1435013797949935616,1
42,1435552086998016000,1
3263,1437121081182142464,1
635,1435689883385929728,1
4201,1444367982587781120,1
4192,1436795822818086912,1
3073,1434995477985038336,1
1598,1435412316649054208,1
1154,1435201998786383872,1
276,1437134036976250880,1
787,1444050326466797568,1
3518,1435262623474491392,1
1115,1436786646700199936,1
4677,1436761830135840768,1
534,1436877967666335744,1
3400,1435016377878945792,1
4242,1437186674455425024,1
4767,1436327718916956160,1
1105,1436779428508487680,1
3660,1435788971079045120,1
4840,1435389848064512000,1
4613,1444417389345529856,1
4112,1435394803638968320,1
959,1435244527569326080,1
2219,1435926662915502080,1
3607,1444394253497638912,1
3909,1435663954475356160,1
1128,1435276361099210752,1
3170,1436139365646880768,1
1416,1436316406719582208,1
3803,1435988829912059904,1
2435,1444320624088915968,1
3952,1435272522371579904,1
1044,1435434516676481024,1
4260,1444494597179195392,1
3954,1435946737336791040,1
2182,1436762472879378432,1
1897,1436802355761238016,1
3817,1435376286285930496,1
3208,1437101269529862144,1
4862,1444498125998149632,1
1170,1435623343051444224,1
4853,1437026364394254336,1
4170,1435731232936108032,1
2695,1436089720157753344,1
3403,1435959485227356160,1
3207,1435715114783621120,1
4929,1436105153686409216,1
2408,1435597739610550272,1
4882,1437126532783292416,1
3420,1444045734119100416,1
4958,1435383354174713856,1
2797,1435601679324438528,1
2653,1436847261854617600,1
1793,1435443540591620096,1
1813,1435298398731706368,1
2159,1435096930783277056,1
1134,1436295741157384192,1
2097,1435328373035782144,1
107,1435390429709672448,1
2146,1435995231518920704,1
709,1435797606957989888,1
1721,1436356700890673152,1
3067,1435283691161350144,1
3691,1437051688624472064,1
2985,1436821913683234816,1
3298,1444330899580067840,1
2262,1435953195923169280,1
3773,1435995005135491072,1
1237,1435171647196127232,1
1893,1444447452707397632,1
2932,1436860164951453696,1
2641,1436768010107330560,1
432,1436871347263741952,1
633,1435810149583753216,1
2524,1436026175713910784,1
3642,1435426432897912832,1
1963,1435393842002415616,1
641,1435361472243187712,1
185,1435262829951602688,1
1042,1435787303079878656,1
3468,1435619867806375936,1
1490,1437098175945400320,1
3398,1436506109565624320,1
2444,1435414799253389312,1
3318,1436375119363035136,1
476,1435447862255620096,1
1592,1436671876122689536,1
1277,1444262155872833536,1
1118,1444068979430068224,1
362,1435661320397987840,1
4233,1436322438057504768,1
4839,1436136552804098048,1
1344,1444447730152185856,1
2655,1435250778772488192,1
1820,1436312447074381824,1
716,1435582657207939072,1
2909,1435805205359218688,1
3295,1444347295403810816,1
11,1435328655211868160,1
2941,1435267658967097344,1
1785,1436777766398070784,1
1615,1435400677409296384,1
773,1435974267087249408,1
401,1436110807041986560,1
1409,1435357073169059840,1
4895,1436332701695545344,1
3222,1436367225095704576,1
2837,1435346877021573120,1
2552,1436056287826124800,1
228,1435100882321002496,1
3565,1435601937882300416,1
605,1436909208885202944,1
3932,1436088252583264256,1
3032,1444430601986220032,1
684,1444317920574717952,1
1606,1444375849797574656,1
1584,1444459768559570944,1
2283,1435315429749280768,1
1009,1444396262783164416,1
2428,1444359194719752192,1
4274,1435432954394812416,1
1543,1435647486153080832,1
464,1436977914638180352,1
4156,1444125143203205120,1
4079,1435232102224695296,1
1725,1437147316771860480,1
3534,1435344774823923712,1
4648,1436123524582854656,1
1232,1435267297409748992,1
43,1435381832644759552,1
3901,1435555181622611968,1
4950,1437213000461598720,1
2141,1436881909053808640,1
675,1435191815163027456,1
369,1444397563998842880,1
2020,1436430050845466624,1
1901,1436364520314884096,1
3330,1436833026722471936,1
2816,1436634363043762176,1
377,1435739987492982784,1
4359,1444373460252340224,1
4655,1436429224404033536,1
4386,1437129784480477184,1
3231,1436443066592858112,1
1407,1435411271919226880,1
3832,1436107702829207552,1
3653,1436466993679540224,1
1402,1436447308292497408,1
3523,1435625906886877184,1
243,1435949594656055296,1
3411,1436039642344792064,1
2597,1435357732740157440,1
601,1435644243415126016,1
4009,1436793347633524736,1
2658,1435374496081457152,1
4650,1444334531327168512,1
4825,1444446959272615936,1
2300,1436414985803079680,1
2063,1435266130579361792,1
1638,1436283641475256320,1
130,1436861141121179648,1
683,1435305907831943168,1
3024,1436863860934381568,1
1608,1437153581493272576,1
4625,1437105236833751040,1
3931,1435324014281506816,1
4148,1435448673496875008,1
4806,1437035549869715456,1
2922,1435366124720377856,1
4921,1436342385798176768,1
188,1436156455976153088,1
4975,1436643444869500928,1
1685,1436054758159110144,1
4023,1436830454968164352,1
3157,1435968708699049984,1
1699,1444051971938430976,1
1120,1435952829043249152,1
3807,1435694405378260992,1
2363,1436070563185897472,1
3226,1435025789884551168,1
3648,1435755126015283200,1
2783,1435330821829824512,1
2952,1436041140202086400,1
3431,1444412864580792320,1
4823,1435694259689099264,1
3060,1435405725245784064,1
2688,1435245724594286592,1
4901,1435653653797429248,1
4543,1435765976478404608,1
3918,1437098232497283072,1
1846,1444346438629175296,1
2608,1444285580448305152,1
4076,1435071911432699904,1
1347,1435500235715981312,1
307,1436012981473656832,1
2295,1436508095056859136,1
4365,1436025638431989760,1
4411,1436443044761456640,1
2831,1436068377148207104,1
1255,1437148721456816128,1
2347,1436736277429293056,1
4801,1435258594547703808,1
1472,1436681201402761216,1
2485,1444383356112752640,1
199,1437203832526753792,1
4970,1435566642612822016,1
5,1435416718265004032,1
4594,1436475893539610624,1
79,1435295031217332224,1
2790,1444416428795441152,1
4679,1437144036159143936,1
1954,1436515791365713920,1
4282,1435649714016423936,1
4599,1435505750177091584,1
711,1436079500513759232,1
3586,1435742374634868736,1
4172,1436480596755288064,1
4733,1435299094461927424,1
1417,1436030072612401152,1
3392,1436839809276862464,1
4197,1444125826480582656,1
3927,1444323283655143424,1
3492,1437257541797433344,1
3864,1444390752352620544,1
24,1435001588330942464,1
3176,1436077209228304384,1
573,1436147379217047552,1
1046,1435284072733892608,1
2528,1435919634948104192,1
3149,1435090353527398400,1
4163,1444298623416561664,1
2513,1435617790573129728,1
1140,1437005374926860288,1
2844,1435385944207732736,1
3165,1435978197225574400,1
2684,1436173804779327488,1
3978,1435731531771916288,1
1522,1435004689716858880,1
706,1436693394873487360,1
2314,1436321519689478144,1
3675,1444330270489030656,1
4088,1435232807027154944,1
2927,1436312801224675328,1
1605,1437239371908911104,1
2237,1435402162004180992,1
1353,1435266858257731584,1
1462,1436298113174675456,1
3478,1436300947228143616,1
251,1435269765514334208,1
1323,1444326534513373184,1
2180,1436691459072303104,1
3068,1435362412086050816,1
2268,1436891536613068800,1
2665,1435277915810263040,1
1993,1436044167491293184,1
1265,1435350531732553728,1
4248,1435338243030069248,1
4068,1436326983315726336,1
2273,1435276497762361344,1
1321,1435757800139919360,1
1693,1435337822928519168,1
1525,1435340004939665408,1
3121,1435759506328260608,1
3729,1436142594845810688,1
1824,1444411552677965824,1
802,1444367961255464960,1
822,1444401536847724544,1
655,1436456489141641216,1
3714,1436158646136737792,1
2977,1436276701361750016,1
3564,1435158765024727040,1
1535,1435644096534642688,1
2228,1436068550830067712,1
3897,1436655745207050240,1
2542,1437166731110273024,1
4367,1436353378108518400,1
2457,1435736413413195776,1
1209,1435383734430228480,1
3030,1436141233999593472,1
218,1435365633940668416,1
1157,1435557371049357312,1
1740,1436852409016504320,1
1634,1435621790961836032,1
425,1436518464798306304,1
4059,1435995976251150336,1
82,1437088672717889536,1
2333,1435416312961015808,1
2242,1435009039348518912,1
4453,1436352421819785216,1
792,1436089087631532032,1
4667,1444397449490141184,1
1855,1435282208542035968,1
656,1435090782885715968,1
2804,1436064032151191552,1
4447,1435394634486800384,1
3153,1444285377565577216,1
2834,1437029321978286080,1
1059,1436832869876477952,1
1758,1436318322040127488,1
408,1435686003507933184,1
1494,1437153399338905600,1
2991,1444296995359838208,1
479,1435274804848959488,1
527,1437131705312239616,1
4792,1435637251329953792,1
3048,1435282427719471104,1
2509,1444314230149328896,1
467,1435977872284471296,1
725,1435986142143389696,1
3767,1436729522653630464,1
289,1435734721078730752,1
1835,1444339594816798720,1
4712,1435436630945505280,1
858,1444248122759290880,1
354,1435358549404749824,1
2871,1435333403814109184,1
2274,1437124063311409152,1
1742,1437257359554908160,1
799,1437143610718396416,1
2874,1435386662951997440,1
2648,1435652337364787200,1
4395,1436709397728739328,1
1808,1435410314271526912,1
4588,1436828499759747072,1
4014,1435408166498484224,1
3908,1436895816044662784,1
702,1435299236032172032,1
3947,1435283029694451712,1
1429,1435073773938618368,1
1222,1435401524302204928,1
1449,1435821093055520768,1
623,1436075397804920832,1
3014,1436871798566658048,1
4894,1436076615470129152,1
248,1435944265117577216,1
4271,1435351849746456576,1
3359,1436115007771709440,1
4464,1436488664599695360,1
3515,1437111731503894528,1
612,1444333327142510592,1
2549,1435744902768431104,1
50,1435900692011659264,1
2946,1436160268061458432,1
1403,1435250946884444160,1
1560,1435281739690110976,1
3654,1435292939815583744,1
780,1435575998460923904,1
2123,1435335505546207232,1
2436,1435182620997033984,1
2960,1435679023070330880,1
2138,1436325711728496640,1
929,1436225167492005888,1
2953,1436674188908154880,1
624,1436379321732681728,1
1773,1437017074698788864,1
431,1444402434441416704,1
3485,1435340025751908352,1
3255,1436073348946071552,1
2019,1435199746659004416,1
3488,1444369700205514752,1
3859,1436229990962638848,1
4915,1435743397764026368,1
2048,1436036254232158208,1
35,1435452026134138880,1
3852,1436050830269063168,1
1700,1436698667994558464,1
4858,1435410766211977216,1
815,1436045564085510144,1
489,1436098199916359680,1
2616,1435210143340367872,1
4471,1436804291222704128,1
1565,1444383328610787328,1
1421,1435317654810767360,1
4318,1444396025620439040,1
4117,1435086972398325760,1
953,1436822711842582528,1
2888,1435747539890933760,1
555,1444404313049157632,1
4356,1435784429365075968,1
4832,1436795291206828032,1
3308,1435730843994136576,1
4269,1437034492196175872,1
698,1436688083764850688,1
2094,1435422856347783168,1
4362,1437233110681366528,1
4352,1436456711708188672,1
861,1436067501008379904,1
786,1435234089427251200,1
1580,1435674773137338368,1
3848,1435393801208614912,1
3405,1435445496420737024,1
3428,1434987213763325952,1
2124,1436303390615683072,1
2763,1437097729180717056,1
718,1436656062745174016,1
3764,1436777347429056512,1
2463,1435671484207443968,1
265,1435029260662607872,1
2664,1435812883326251008,1
4297,1435394006016483328,1
797,1437174098057064448,1
3440,1436000020747243520,1
1388,1435300527697506304,1
677,1436093410151124992,1
4598,1436679765616992256,1
196,1435797670988222464,1
3075,1444391380101615616,1
650,1436000945335410688,1
1066,1435362053917757440,1
4463,1435376080031043584,1
1292,1435711895391047680,1
279,1436083129375133696,1
2774,1435419676054630400,1
434,1436179926416244736,1
1408,1435728634665394176,1
1752,1444381154006683648,1
1090,1435059108961456128,1
3839,1436352121075650560,1
1329,1435345061949186048,1
2877,1435241190425759744,1
2091,1436355751430213632,1
2088,1436547256816214016,1
111,1435072447884189696,1
4624,1435275874685702144,1
2691,1436006571272769536,1
3285,1435808497061482496,1
4415,1435620810283225088,1
1568,1436313020158914560,1
971,1437216474226122752,1
474,1437213781441093632,1
3841,1435390806303592448,1
3542,1436812968113672192,1
3508,1437090791256690688,1
4050,1436072241599553536,1
1312,1444369754043699200,1
2562,1444399624404541440,1
4512,1435348070049501184,1
4740,1444261461308608512,1
4125,1435940800165261312,1
1886,1436842315004399616,1
1971,1435324258104848384,1
3785,1436530554791501824,1
3538,1437158119390515200,1
1817,1435985168968388608,1
181,1435762375735472128,1
974,1444408894038630400,1
1069,1435354707761958912,1
968,1435332529934974976,1
4011,1435113263138754560,1
998,1437171253476052992,1
3757,1435922645044895744,1
499,1435346480588537856,1
4729,1435232133694492672,1
4812,1435763492670279680,1
4783,1435376897530245120,1
1458,1436262580490842112,1
3167,1444248645436678144,1
3994,1444346503695380480,1
4054,1435985968532701184,1
1485,1436799797940342784,1
593,1436886492497031168,1
552,1436043536235909120,1
563,1436134918648631296,1
1327,1435938273872990208,1
3668,1435994700532621312,1
3624,1435927573226299392,1
433,1435346876274987008,1
3721,1435571158154371072,1
1389,1436513397823188992,1
4726,1437157223348776960,1
1031,1435112610307915776,1
1276,1436771781059166208,1
2098,1435423080982142976,1
4310,1435564049815703552,1
2989,1435307081276526592,1
1555,1437085519633129472,1
2470,1435249973982121984,1
2031,1435236510811529216,1
3543,1435401779357929472,1
1858,1444059637813293056,1
4917,1435751344112082944,1
885,1435838760906862592,1
49,1444483782728458240,1
4541,1436697364530712576,1
3326,1435031703370752000,1
2208,1435513558289244160,1
594,1437191874930896896,1
1285,1435299600890580992,1
1127,1437166520254205952,1
529,1435374937854861312,1
4727,1436103602964152320,1
2311,1435918387109113856,1
3022,1435207930937323520,1
4064,1435391361172246528,1
4340,1436789017085939712,1
3572,1435210423956082688,1
2004,1435300732001996800,1
368,1444442809969352704,1
4003,1435259020596633600,1
934,1435306523304075264,1
3813,1435581962698252288,1
1376,1436865336071053312,1
4785,1435965702213672960,1
1208,1444316441071824896,1
2144,1435380908215918592,1
1315,1436112807699812352,1
2151,1437114553607852032,1
2709,1435295233726685184,1
1495,1435584413040103424,1
1223,1436483561557790720,1
1575,1436522285045792768,1
3101,1437252455776018432,1
4361,1435233276281688064,1
4962,1444410150530519040,1
589,1436162442883739648,1
2579,1435734581127360512,1
2266,1435370460766687232,1
215,1437103337858641920,1
1853,1435307499360591872,1
1890,1435242797527875584,1
985,1435285417713094656,1
1014,1435605911356198912,1
3970,1435526343169617920,1
2034,1435966067684302848,1
453,1437032711001157632,1
119,1435286941172371456,1
1062,1435659176508891136,1
2853,1435664295283634176,1
3873,1436496255983751168,1
2700,1435421428543856640,1
1777,1436800546837520384,1
1549,1435321280312524800,1
4075,1435682328232304640,1
2791,1444438489718837248,1
2512,1444422827894054912,1
618,1435259963874713600,1
148,1435796630633127936,1
3790,1444394884346023936,1
3099,1435236937607131136,1
3214,1437204841902784512,1
3672,1435663854915174400,1
987,1435346763863445504,1
3422,1435680047852101632,1
4532,1437107420619227136,1
237,1436049881110560768,1
488,1435406188523528192,1
3787,1436296217898717184,1
64,1435175519507595264,1
3278,1435352361636175872,1
4157,1435568699470123008,1
3509,1436133944475402240,1
2675,1436517244310274048,1
975,1444347097092923392,1
4709,1435428825798692864,1
4256,1436831156910047232,1
4670,1435233425665966080,1
3248,1436099466147270656,1
4985,1435310220167757824,1
1828,1444265554118840320,1
4410,1435545524237701120,1
643,1435300152659652608,1
3484,1435852120880734208,1
876,1437110307122552832,1
2289,1435517767457837056,1
396,1435550865792831488,1
12,1435994906552582144,1
2916,1436057411857666048,1
2699,1436102642216972288,1
1215,1436371466233303040,1
4810,1435195949467459584,1
3463,1436680322335268864,1
937,1435060395534868480,1
1262,1436089790668152832,1
1337,1444378088868093952,1
724,1435233563742556160,1
3516,1444115254716346368,1
4428,1444360056401694720,1
1043,1435835904296472576,1
4994,1436067684911882240,1
1645,1437132512334077952,1
1336,1437182374454992896,1
1814,1435322945275056128,1
1318,1436116075679191040,1
1084,1435278015697760256,1
2734,1435976178192556032,1
4485,1436002784772513792,1
1528,1436414011160018944,1
6,1435465930956578816,1
253,1435786462193242112,1
4324,1435944456717471744,1
4833,1435413737222062080,1
956,1437120019071123456,1
1007,1436841335529615360,1
3373,1435210388950462464,1
4480,1437058626779336704,1
2842,1436469091108278272,1
70,1436110476979675136,1
1648,1435624582183104512,1
2635,1435409625474641920,1
4427,1435788347465732096,1
2371,1435673849543155712,1
826,1435393267781222400,1
2753,1444103993920217088,1
567,1435200171453734912,1
1424,1436582941006700544,1
4433,1435347444359892992,1
1659,1436369666964873216,1
1304,1436693656778551296,1
729,1436275966641418240,1
2307,1435163881274544128,1
249,1437156093965348864,1
2897,1444447961161814016,1
2650,1444436025422618624,1
2905,1444347023600328704,1
4265,1436751817682063360,1
911,1436662469758439424,1
3630,1435298517296295936,1
3137,1435344991589634048,1
4959,1436313390453071872,1
949,1436136688095580160,1
4290,1436327370189770752,1
3997,1437190500717666304,1
2467,1435660774765121536,1
2679,1435092078149738496,1
3905,1435902735551959040,1
899,1444389747527401472,1
1978,1435183309596864512,1
2016,1435641568875225088,1
1902,1436822222459572224,1
3238,1437143274888867840,1
25,1435716473281040384,1
1117,1436514721109266432,1
4560,1435404923731054592,1
3015,1435069923332657152,1
2167,1444384764547506176,1
1296,1437208270519820288,1
4351,1435329217135357952,1
1755,1437094346122215424,1
2612,1435437678586179584,1
1188,1436326123474980864,1
451,1437069241652588544,1
513,1435005034798981120,1
2140,1444325177521750016,1
3187,1435770394049404928,1
134,1435786574160142336,1
4379,1436371836091224064,1
1917,1436753440236097536,1
4171,1436395581946073088,1
4038,1436743505548873728,1
3063,1435952763599527936,1
4323,1435676889981624320,1
2230,1435032755595792384,1
2247,1435947383750279168,1
2381,1436145256932720640,1
83,1435093890055421952,1
2617,1436778404280418304,1
1987,1435025423805652992,1
51,1435774173675196416,1
3638,1435568844886654976,1
3804,1436664775954640896,1
3915,1437047030136848384,1
1977,1435265071077232640,1
3351,1435615900506415104,1
3772,1436024665131126784,1
4684,1435016941383700480,1
207,1437047133794938880,1
2620,1435392963413225472,1
3545,1435595576830275584,1
3012,1437075186625437696,1
3008,1435966837284478976,1
4989,1437035651237568512,1
1724,1436074937937244160,1
931,1435814029289836544,1
4937,1435003503928283136,1
1097,1444361307696816128,1
2854,1436545009398943744,1
341,1444300966459842560,1
3381,1436289041939451904,1
1114,1435295936398381056,1
2272,1435667705206644736,1
4073,1435941067216625664,1
4927,1437113100751278080,1
4221,1437152685657051136,1
4394,1436289908642041856,1
4859,1435328873982484480,1
1885,1435869378482954240,1
3955,1437134534202597376,1
2488,1436139486849781760,1
3110,1435420598373658624,1
2638,1444327182512316416,1
2474,1436865922082480128,1
4251,1435030996504793088,1
3834,1435924386897440768,1
2203,1435572673384431616,1
1836,1435018494156943360,1
636,1436821262513446912,1
3917,1436747070048702464,1
496,1435963805645750272,1
4807,1437149628625981440,1
2781,1435598403237466112,1
3979,1436109780289003520,1
2694,1436336083726487552,1
2548,1444530666591461376,1
1477,1435164666855108608,1
981,1437008893381681152,1
3603,1435271851186479104,1
924,1435547787182149632,1
2459,1435390405386854400,1
4934,1435690992561278976,1
76,1436334748671041536,1
2775,1435537332371922944,1
1415,1435434760487198720,1
2885,1444482610072363008,1
156,1435701628309495808,1
767,1435544644243410944,1
4074,1437032365751144448,1
2902,1436788345057824768,1
2586,1435568728234672128,1
4992,1435600086222901248,1
764,1436078543994302464,1
2362,1435393911359524864,1
3402,1436681156842360832,1
1601,1435560011766370304,1
293,1435194902346964992,1
728,1444323351946833920,1
3368,1444463692351954944,1
138,1436493524195807232,1
1955,1437151507737190400,1
3186,1435435113588969472,1
950,1435230872865673216,1
1649,1437131033443438592,1
2595,1437185498980757504,1
3650,1435229914790256640,1
4933,1435042291815747584,1
1751,1436072454561148928,1
2265,1435280373336838144,1
2498,1436635098133172224,1
3629,1444086421678080000,1
4300,1437108045792829440,1
1698,1434997910500954112,1
1823,1436022525205614592,1
1687,1435738713892470784,1
844,1435919206910922752,1
3494,1435256443884777472,1
4816,1437209931598422016,1
2593,1435233892743749632,1
1705,1436807530831884288,1
4734,1435977007456792576,1
1761,1436426661696884736,1
1179,1435344800245485568,1
765,1436688704920301568,1
4889,1436036935567519744,1
4848,1437191306577547264,1
3553,1437129307327959040,1
3733,1436030723786412032,1
1456,1435783584887951360,1
2659,1435210272269078528,1
564,1435521483808428032,1
258,1435957281024262144,1
4666,1435357998399037440,1
4556,1437142679230558208,1
118,1444074478292582400,1
3026,1435932747659350016,1
1819,1435635717036773376,1
2365,1436669655238774784,1
389,1435166396552556544,1
4178,1435312783734738944,1
3415,1435623079829454848,1
4893,1444375957700288512,1
4275,1436753450302382080,1
1383,1435684170957737984,1
3210,1437191035113836544,1
3289,1436325944810160128,1
1136,1435700710260322304,1
4264,1437250642960175104,1
1882,1434989743360651264,1
1411,1435978892242821120,1
3544,1435418614631391232,1
48,1435937279978184704,1
2313,1435253689149759488,1
3933,1437145973218811904,1
4776,1435088069108113408,1
323,1435388778416312320,1
3996,1435093584567488512,1
4736,1436825321014243328,1
2815,1444336106556768256,1
1488,1444050559288369152,1
448,1435040543210360832,1
4240,1435608269280759808,1
1271,1435388715220750336,1
2473,1437037204879126528,1
686,1436011924056154112,1
3085,1437066111648940032,1
1,1435028621362614272,1
1463,1435924720751423488,1
1201,1444277419825893376,1
1334,1435105582021754880,1
1432,1437073876354310144,1
2636,1435046399108866048,1
3701,1435909595935821824,1
2318,1435246971762192384,1
4378,1444398585219588096,1
667,1437046531027243008,1
2417,1436139864152580096,1
1414,1435287003210391552,1
2045,1436830470025752576,1
4802,1436892026277187584,1
836,1436122801618968576,1
1719,1435271491663302656,1
1297,1435253857861386240,1
1158,1444243872276697088,1
603,1444478038549438464,1
3445,1435475757116149760,1
857,1435245509103476736,1
4964,1435237581852131328,1
2647,1436878753456664576,1
3154,1436088556104019968,1
2555,1436060567463211008,1
4747,1435600905831915520,1
3546,1436868789526728704,1
926,1436795130372108288,1
2255,1436457692353204224,1
853,1436092991031099392,1
1035,1435271198183727104,1
2887,1436081318832611328,1
644,1435388437654290432,1
3763,1435162168719200256,1
4818,1444321839770112000,1
1466,1436041388647403520,1
4710,1436609224331698176,1
4525,1435346551308791808,1
471,1435163724537552896,1
2565,1435690702688722944,1
1864,1435423166608777216,1
933,1436751474378280960,1
3966,1444337698177798144,1
3507,1436738720636542976,1
236,1444061077566808064,1
823,1434990345616510976,1
3467,1436773118819934208,1
1247,1436454275329179648,1
2950,1437077296834297856,1
2051,1437099243966238720,1
1586,1435629787603668992,1
2868,1444463896300036096,1
4547,1435580047033786368,1
2360,1435019180751921152,1
436,1436316522402754560,1
3657,1435409472634212352,1
3973,1434995486633693184,1
3566,1436773465156198400,1
2926,1444409503424843776,1
1922,1435255557171056640,1
331,1437109654845280256,1
2863,1436497732651438080,1
1135,1436492880646967296,1
4752,1435994126101721088,1
3366,1435744838335467520,1
2429,1435404817715843072,1
3711,1435243068857454592,1
1628,1437119572994297856,1
2589,1435998621003128832,1
1811,1434987330029305856,1
3173,1435564256183963648,1
4180,1435029568407097344,1
1045,1436160659557863424,1
1936,1436429018572656640,1
4936,1444305253055221760,1
4002,1444205186860392448,1
1574,1435477810827702272,1
789,1444061881501630464,1
2598,1435993268383277056,1
1684,1444327216792408064,1
285,1435210848776118272,1
1089,1436844523297157120,1
1841,1436434396052140032,1
3636,1436042284307525632,1
1310,1435253283321417728,1
318,1437115324894175232,1
1690,1435274355919900672,1
3993,1436080963126169600,1
4402,1437017226901606400,1
4202,1436371041253838848,1
103,1437084186540662784,1
2580,1435755923969134592,1
384,1435930054148636672,1
554,1435745248316215296,1
648,1435209062032019456,1
176,1435286086796947456,1
4871,1435434772319424512,1
796,1444396372032098304,1
3408,1436375144847626240,1
1419,1436519034430820352,1
2725,1435565004317732864,1
4162,1436866569242562560,1
708,1437129375250620416,1
1590,1444438085454999552,1
889,1435594037684314112,1
1214,1435810722617991168,1
3439,1437046576548126720,1
1664,1435315168318214144,1
896,1444299089340940288,1
3868,1444436568853319680,1
3541,1444371368653598720,1
4229,1435351242881048576,1
3475,1435587922581917696,1
164,1444377499606126592,1
1596,1444466118433857536,1
2969,1437201971224666112,1
2914,1435322397037531136,1
1867,1437130975616589824,1
3776,1436381400337461248,1
2212,1435373834195148800,1
3448,1437159250929795072,1
2376,1436652205562605568,1
38,1436020955558649856,1
4998,1435440766868987904,1
842,1444429392743182336,1
2951,1436873821802348544,1
2070,1444376520336752640,1
4886,1435530912511545344,1
4396,1435371575075753984,1
4107,1444470401808191488,1
1226,1437066739611746304,1
1279,1436058984784580608,1
1308,1435375245985255424,1
1663,1435268019870126080,1
3592,1444385004059041792,1
4349,1444315851491090432,1
1005,1435326956837478400,1
1317,1435683221354827776,1
843,1436296214673231872,1
1680,1435325754338910208,1
4510,1437224546868862976,1
3086,1436049672804704256,1
2535,1435434418345238528,1
3172,1444097908043919360,1
273,1444325980122779648,1
3808,1435249935109197824,1
3854,1435376138474475520,1
2071,1435242857133137920,1
4997,1436067261094236160,1
4462,1444371228446314496,1
9,1435259623901212672,1
2771,1435179998554566656,1
3783,1436700847187111936,1
2223,1444400199468822528,1
1033,1435271897516814336,1
1709,1437139091557126144,1
4063,1435161758902149120,1
2506,1435360683487637504,1
1546,1436461324159029248,1
3181,1435576339466268672,1
4976,1435247025885433856,1
1392,1435619472983961600,1
2510,1435342842424172544,1
4099,1437026579247423488,1
4713,1435015423339245568,1
2527,1437100867992395776,1
21,1435636658075021312,1
2931,1435433961937780736,1
3612,1435708957822173184,1
3976,1435074229251280896,1
4697,1435258934865055744,1
2570,1435655620355674112,1
284,1436692468079206400,1
2153,1436430386079408128,1
846,1435347101202980864,1
2501,1437083458338181120,1
2627,1435454997085392896,1
277,1435578774389731328,1
165,1444295014515884032,1
4414,1435957363500994560,1
662,1437153950415851520,1
334,1444489245415124992,1
2076,1444053158955782144,1
1749,1435071618401935360,1
2795,1435678447909670912,1
13,1435720425879834624,1
4879,1437102463023292416,1
3987,1435409559728885760,1
3201,1435274060473245696,1
1049,1436274968573136896,1
2441,1444395525319663616,1
2420,1435699599822532608,1
4542,1435684431583383552,1
544,1435617619365834752,1
4267,1435300097705881600,1
1947,1435025768376160256,1
27,1435708507387482112,1
1104,1444064895977328640,1
561,1435249254747025408,1
347,1435611515957227520,1
848,1435433201388900352,1
240,1436434912584867840,1
2986,1444452957794279424,1
1481,1444384786164994048,1
3093,1435972725298896896,1
4500,1435344632108421120,1
524,1435079608727126016,1
2645,1435256535370842112,1
2309,1435365099749904384,1
1579,1437047395775303680,1
3818,1437217053799239680,1
3562,1435388536929333248,1
1291,1435912331150741504,1
206,1444222080246075392,1
4497,1435345927494045696,1
1547,1435125099045134336,1
4748,1444257609037631488,1
3708,1436683907601141760,1
399,1435920274885681152,1
357,1435310171627081728,1
3375,1436996553906982912,1
1122,1435965012707713024,1
3265,1435963728374087680,1
1242,1444358695035588608,1
4705,1436307761990668288,1
705,1435277345187827712,1
2173,1435691332341833728,1
1002,1435347109922975744,1
1474,1444384986921152512,1
4568,1435292961433169920,1
1972,1435711240916152320,1
420,1437077332934766592,1
2409,1437109582665502720,1
2338,1444168731094093824,1
1739,1435768614569881600,1
1995,1435317050331762688,1
510,1436364722815787008,1
1791,1435029580625088512,1
3615,1435283516334428160,1
2752,1435645302829158400,1
788,1436956118962610176,1
1716,1437152560331247616,1
691,1436255009436577792,1
4764,1435120384970567680,1
3299,1435596930789294080,1
2937,1435165615979782144,1
1168,1437077546584182784,1
2983,1435435232379953152,1
96,1435070454595686400,1
2609,1435758123688550400,1
4630,1435678061220012032,1
951,1435382502747746304,1
2055,1436661451779891200,1
4329,1444074933265616896,1
1269,1436350728931586048,1
4152,1437020866236321792,1
4513,1436691837012611072,1
1110,1435587169272438784,1
3953,1435268443129974784,1
2257,1435744793150337024,1
2038,1435653260317233152,1
266,1435429899498627072,2
1766,1435311812459831296,2
158,1436068258763853824,2
1994,1435718723307020288,2
2560,1435097649762508800,2
4774,1435987059286679552,2
4113,1435398068061589504,2
1527,1435728335754117120,2
1371,1437081187047157760,2
398,1435322000734576640,2
810,1435748703369932800,2
3706,1435070915960844288,2
1434,1436261549543501824,2
2353,1436804851116171264,2
3124,1435866135371603968,2
437,1435659634396876800,2
1108,1437098480443576320,2
850,1435434134856355840,2
2857,1435299855094665216,2
1540,1435164299853447168,2
758,1436007967795593216,2
1611,1436989633125040128,2
4890,1435927713076940800,2
1381,1435164184128405504,2
559,1435915952332365824,2
1944,1435571054747979776,2
4881,1435027097769086976,2
404,1436439969392910336,2
4618,1436474037060972544,2
3412,1436278323471077376,2
3867,1435390965586579456,2
2245,1436113308348715008,2
2596,1444453840967933952,2
1604,1435117706622078976,2
1305,1435025701481156608,2
1789,1435989539298885632,2
1454,1435161812266147840,2
2630,1435164112888209408,2
4735,1435581488502816768,2
2825,1435074022824296448,2
3446,1436761766772543488,2
152,1437098018638024704,2
4732,1435819275655254016,2
4403,1437179369731002368,2
3645,1435027567493279744,2
1861,1435256491003482112,2
829,1435074815879262208,2
3702,1435434239663620096,2
2375,1436996964428574720,2
3314,1435028545173180416,2
1448,1435966257140953088,2
4902,1437144063908667392,2
4285,1436069943515168768,2
4257,1435074498013839360,2
1763,1435344232957550592,2
492,1435075262979481600,2
2571,1435118612142977024,2
3430,1436411121947320320,2
44,1437243766583164928,2
2224,1436343664649854976,2
1629,1436027975783227392,2
3789,1435069884807872512,2
4208,1435630148670398464,2
1469,1435925945924325376,2
57,1435434267186589696,2
2269,1435161603306053632,2
1150,1444071419038642176,2
1091,1435389862484512768,2
1370,1444338153981108224,2
3197,1435074702125506560,2
333,1436059840238047232,2
3849,1444389885650120704,2
1704,1436854728537821184,2
2662,1435211007421472768,2
69,1435027661743558656,2
4407,1435680539936165888,2
4811,1435162691224563712,2
53,1435028610448969728,2
81,1437046686652772352,2
1246,1435449138133483520,2
1929,1444057617148563456,2
3609,1436037856217141248,2
1085,1435159885709201408,2
4141,1436814942108364800,2
487,1435299216893546496,2
30,1435161143287373824,2
